"X","title","parent_asin","categories","cat1","cat2","cat3","cat4","cat5","cat6"
26," Sleep Mask for  Light sleepers:  The complete light blockage feature makes this sleep mask ideal for those easily disturbed by ambient light.  Shift workers:  The mask helps promote restful sleep even during daytime naps.  Travelers:  The compact size and lightweight design make it easy to pack for trips, ensuring uninterrupted sleep in unfamiliar environments.  Anyone seeking improved sleep quality: This sleep mask can contribute to a more peaceful and restful sleep experience. with features:  Luxurious Comfort: Crafted from a silky-smooth blend of bamboo and organic cotton, this sleep mask provides a gentle, breathable feel against the skin. The soft, padded edges eliminate pressure points and ensure a comfortable fit for all face shapes.  Total Light Blockout: The thick, opaque fabric blocks out 100% of light, allowing you to enjoy deep, restful sleep even in brightly lit environments.   Adjustable Strap: The adjustable strap allows for a customized fit, ensuring a snug and secure feel without feeling restrictive.   Versatile Design: The sleek and modern design makes it suitable for both home and travel use. It comes in a range of stylish colors to complement any bedroom décor.  Easy Care: The sleep mask is machine-washable and dries quickly, making it convenient to maintain its hygiene and freshness. ","B01000026","['Health & Household', 'Personal Care', 'Skincare', 'Sensitive Skin Care', 'Rosacea Routines']","Health & Household","Personal Care","Skincare","Sensitive Skin Care","Rosacea Routines",""
30," Smart Showerhead with integrated filtration system and customizable settings. for  Health-conscious individuals: Those seeking a healthy and purifying showering experience with filtered water.  Luxury-seekers: Individuals who value high-quality design and enhanced showering experience.  Tech enthusiasts: People who appreciate smart technology and its convenience.  Families with children: Families can enjoy a safe and comfortable showering experience for all ages with customizable settings.  People with sensitive skin: The filtered water is gentler on the skin and reduces irritation. with features:  Advanced Filtration System: Removes chlorine, sediment, and other impurities for healthier, cleaner water.   Multi-Spray Modes: Choose from a variety of invigorating shower experiences like powerful massage, gentle rain, and pulsating jets.   Temperature Control: Precisely adjust the water temperature to your liking with the integrated touch screen display.  Smart Integration: Connects to your home Wi-Fi network for voice control via Alexa or Google Assistant.   Water Conservation Mode: Reduces water usage by up to 50% without compromising shower pressure.  Sleek Design: Modern and minimalist aesthetic complements any bathroom style.  Easy Installation: Effortless installation with a standard shower arm connection.   LED Mood Lighting: Create a calming and spa-like atmosphere with adjustable LED lights.","B01000030","['Health & Household', 'Personal Care', 'Skincare', 'Sensitive Skin Care', 'Rosacea Routines']","Health & Household","Personal Care","Skincare","Sensitive Skin Care","Rosacea Routines",""
27," Weighted Blanket for  Individuals seeking a natural way to combat anxiety and stress: The gentle pressure of the weighted blanket provides a calming effect, similar to a hug, promoting relaxation and easing tension.  People struggling with insomnia or sleep disturbances: The weight provides a sense of security and comfort, creating a more conducive environment for peaceful sleep.  Those with sensory processing issues: The deep pressure stimulation can help regulate sensory input and provide a sense of grounding.  Individuals who enjoy a luxurious and comfortable sleep experience: The premium materials and meticulous design ensure a cozy and restful sleep. Additional Information:  Available in a variety of colors and patterns.  Comes with a [Number] year warranty for peace of mind.  Expertly crafted to provide optimal comfort and relaxation. Call to Action: Embrace the tranquility and improve your sleep quality with the [Product Name] Weighted Blanket. Order yours today and experience the transformative power of gentle pressure! with features:  Premium Material: Crafted from [Material - e.g., soft, breathable cotton, plush microfiber] for a luxurious feel and optimal comfort.  Customizable Weight: Choose from [Range of weights - e.g., 5 lbs, 10 lbs, 15 lbs, 20 lbs] to find the perfect weight for your individual needs.  Even Weight Distribution:  Designed with evenly distributed [Material - e.g., glass beads, hypoallergenic microbeads] for consistent pressure and a calming sensation.  Durable Construction:  Features a [Material - e.g., double-stitched] exterior for lasting durability and [Feature - e.g., removable cover for easy washing].  Multi-Purpose Use:  Perfect for adults and children, offering [Benefits - e.g., reduced anxiety, improved sleep quality, increased relaxation].","B01000027","['Health & Household', 'Personal Care', 'Skincare', 'Sensitive Skin Care', 'Rosacea Routines']","Health & Household","Personal Care","Skincare","Sensitive Skin Care","Rosacea Routines",""
30," Memory Foam Pillow for  Individuals suffering from neck or back pain: The SleepWell Pillow's ergonomic design and pressure relief properties can help alleviate pain and improve sleep quality.  Side Sleepers: The pillow's contoured shape provides excellent support for the neck and shoulders, preventing strain and discomfort.  Individuals with allergies or sensitivities:  The hypoallergenic and dust mite resistant materials make it a safe and comfortable option.  Anyone seeking a comfortable and supportive pillow: The SleepWell Pillow caters to a wide range of sleep preferences and promotes a restful night's sleep. with features:  Adaptive Memory Foam: Conforms to the contours of your head and neck, providing personalized support and pressure relief.  Breathable Cover: Made with a soft, breathable fabric that wicks away moisture, keeping you cool and comfortable throughout the night.  Ergonomic Design: Contoured shape promotes proper spinal alignment, reducing neck and back pain.  Adjustable Height:  Includes an adjustable insert to customize the pillow's height for optimal comfort and support.  Hypoallergenic & Dust Mite Resistant:  Safe for allergy sufferers and those with sensitive skin.  Removable and Washable Cover: Easy to maintain and keep clean.  Limited Lifetime Warranty:  Ensures long-lasting quality and peace of mind.","B01000030","['Health & Household', 'Personal Care', 'Skincare', 'Sensitive Skin Care', 'Rosacea Routines']","Health & Household","Personal Care","Skincare","Sensitive Skin Care","Rosacea Routines",""
32," Ultrasonic Essential Oil Diffuser for  Individuals seeking natural ways to improve their well-being: The ""Clean & Calm"" diffuser provides aromatherapy benefits using essential oils, promoting relaxation, stress relief, and improved sleep.  Homeowners looking to create a relaxing and inviting atmosphere: The diffuser's soothing LED lights and pleasant scent help to create a welcoming ambiance in any living space.  People with allergies or sensitivities: Using essential oils instead of synthetic fragrances provides a safer and more natural alternative for people with sensitivities.  Individuals seeking a unique and thoughtful gift: This diffuser is a perfect present for friends, family, or loved ones who appreciate natural wellness and relaxation. with features:  Ultrasonic Technology: Creates a fine mist of essential oils, maximizing scent diffusion and minimizing noise.  7 Color Changing LED Lights: Creates a soothing ambiance with a range of calming colors, adjustable to your mood.  Timer Function: Choose from 1, 2, or 3 hours of continuous operation, or enjoy intermittent misting with the 10-hour timer.  Auto-Shut Off: Safety feature ensures the diffuser turns off when the water level is low, preventing damage.  Large Capacity: Holds up to 100ml of water and essential oils, providing up to 10 hours of diffusion.  Sleek Design: Modern and minimalist design blends seamlessly with any home decor.  Quiet Operation: Creates a tranquil environment without disturbing your peace.  Versatile Use: Perfect for aromatherapy, home fragrance, and creating a calming atmosphere in any room.","B01000032","['Health & Household', 'Personal Care', 'Skincare', 'Sensitive Skin Care', 'Rosacea Routines']","Health & Household","Personal Care","Skincare","Sensitive Skin Care","Rosacea Routines",""
30," Weighted Blanket for  Individuals struggling with sleep difficulties:  The weighted blanket provides a sense of security and comfort, promoting relaxation and deeper sleep.  People with anxiety or sensory sensitivities:  The deep pressure stimulation can help calm the nervous system and reduce feelings of stress and anxiety.  Individuals seeking improved sleep quality:  The weighted blanket can help regulate sleep cycles and promote restful slumber.  Athletes and active individuals:  The blanket can help relieve muscle tension and soreness after workouts.  People who enjoy a cozy and comforting sleeping experience:  The weight and softness of the blanket provide a sense of security and warmth. with features:  Luxurious Material: Crafted from a soft, breathable, and hypoallergenic microfiber fabric, providing a gentle touch and a calming feel.  Optimal Weight Distribution:  Precisely weighted with glass beads for even distribution, offering a comforting hug-like sensation.  Multiple Weight Options:  Available in various weights (5 lbs, 10 lbs, 15 lbs, 20 lbs) to suit individual needs and preferences.   Easy Care: Machine washable and dryer safe for convenient maintenance.  Removable Cover: Features a separate, zippered cover for easy cleaning and personalization with various colors and patterns.  Versatile Design:  Suitable for use on beds, couches, or chairs, providing comfort and relaxation in any space.  Dual-Sided Construction:  Offers a smooth side for a luxurious feel and a textured side for added sensory input.","B01000030","['Health & Household', 'Personal Care', 'Skincare', 'Sensitive Skin Care', 'Rosacea Routines']","Health & Household","Personal Care","Skincare","Sensitive Skin Care","Rosacea Routines",""
30," Ultrasonic Essential Oil Diffuser for  Individuals seeking stress relief and relaxation: The soothing aroma of essential oils can help reduce anxiety and promote calmness.  Those looking to improve sleep quality: Certain essential oils, like lavender and chamomile, are known to aid in relaxation and restful sleep.  Homeowners who appreciate a touch of ambiance: The calming light and aromatic mist create a welcoming and inviting atmosphere.  Individuals interested in natural remedies for health and wellness: Essential oils have various health benefits, including anti-inflammatory and antimicrobial properties.  Anyone looking for a unique and thoughtful gift: The ""Zen Zone"" diffuser is a perfect present for friends and family who appreciate mindfulness and self-care. with features:  Ultrasonic Technology: Quiet operation, creates a fine mist for optimal aroma diffusion.  Multiple Modes: Choose from continuous, intermittent, or timer settings for personalized aromatherapy experiences.  7 Color LED Lighting: Create a relaxing and ambient atmosphere with a range of soothing colors, including white, blue, green, red, purple, and yellow.  Large Capacity Tank: Holds up to 100ml of water and essential oils, providing up to 8 hours of continuous mist.  Automatic Shut-Off: Safety feature prevents the diffuser from overheating and ensures worry-free operation.  Compact Design: Sleek and modern design fits seamlessly into any decor.  USB Power: Easy to use, plug it into any USB port for convenient power.","B01000030","['Health & Household', 'Personal Care', 'Skincare', 'Sensitive Skin Care', 'Rosacea Routines']","Health & Household","Personal Care","Skincare","Sensitive Skin Care","Rosacea Routines",""
29," Weighted Blanket for  Adults struggling with sleep problems:  The gentle pressure helps to reduce anxiety, promote relaxation, and improve sleep quality.  Individuals with sensory sensitivities: The deep pressure stimulation can be calming and comforting for those with autism, ADHD, or other sensory processing disorders.  Anyone seeking a luxurious and comforting experience: The soft fabric and weight distribution make it a perfect addition to any relaxing routine.  People experiencing stress and anxiety: The weighted pressure can help to reduce feelings of overwhelm and promote a sense of security. with features:  Ultra-Soft Material: Crafted from 100% premium bamboo viscose, providing a luxuriously soft and breathable feel against the skin.  Precise Weight Distribution: Filled with high-quality micro glass beads, evenly distributed for consistent pressure and comforting warmth.   Multiple Weight Options: Available in 5, 10, 15, and 20 lbs to find the perfect weight for individual needs and preferences.   Durable and Washable: The outer cover is removable and machine washable for easy care.   Multifunctional: Use it on the couch, in bed, or even as a calming tool for anxiety and stress relief.   Stylish Design:  Available in a range of calming colors and patterns to match any décor.","B01000029","['Health & Household', 'Personal Care', 'Skincare', 'Sensitive Skin Care', 'Rosacea Routines']","Health & Household","Personal Care","Skincare","Sensitive Skin Care","Rosacea Routines",""
29," Ultrasonic Aromatherapy Diffuser for  Individuals struggling with sleep problems: The soothing mist and calming aromatherapy scents can help promote relaxation and induce restful sleep.  People with anxiety or stress: The calming ambiance created by the diffuser can help reduce stress and promote mental well-being.  Anyone seeking to create a peaceful and relaxing atmosphere: The diffuser is perfect for creating a spa-like environment in the home, ideal for meditation, yoga, or simply enjoying a moment of peace.   Individuals with allergies or sensitivities: The cool mist technology makes it a safe and gentle option for individuals with sensitivities to heat or fragrances. with features:  Ultrasonic Technology: Creates a cool mist that disperses essential oils evenly throughout the room, without heat damage.  7 Color LED Lights: Creates a relaxing atmosphere with a choice of 7 calming colors that can be set to cycle or stay fixed.  Timer Function:  Set the diffuser to run for 1, 2, or 3 hours, or to run continuously until manually turned off.  Whisper-Quiet Operation:  Enjoy a peaceful and uninterrupted sleep experience with the quiet, calming operation.  Automatic Shut-Off:  The diffuser will automatically shut off when the water runs out, ensuring safety and peace of mind.  Large Capacity:  The 100ml water tank allows for extended use, providing up to 8 hours of continuous diffusion.  Versatile Design:  The sleek and modern design fits seamlessly into any home decor, from bedrooms to living rooms.","B01000029","['Health & Household', 'Personal Care', 'Skincare', 'Sensitive Skin Care', 'Rosacea Routines']","Health & Household","Personal Care","Skincare","Sensitive Skin Care","Rosacea Routines",""
36," Air Purifier with HEPA Filter and UV-C Light Technology for  Individuals with allergies or sensitivities: The BreatheEasy Pro effectively removes allergens and irritants from the air, providing relief from symptoms.  Families with children and pets:  The purifier helps create a cleaner and healthier environment for the whole family, including furry friends.  People concerned about air quality:  The BreatheEasy Pro effectively filters out pollutants, reducing the risk of respiratory problems and improving overall health.  Those seeking a smart and convenient solution: The BreatheEasy Pro features smart technology for easy control and optimal performance.  Individuals who value a quiet and peaceful environment:  The purifier operates quietly, ensuring a comfortable and relaxing atmosphere.  with features:  Advanced 3-Stage Filtration System:      Pre-Filter: Catches large particles like dust, pet hair, and pollen.      HEPA Filter: Removes 99.97% of airborne particles as small as 0.3 microns, including dust mites, mold spores, bacteria, and viruses.      Activated Carbon Filter: Absorbs odors, smoke, and VOCs (Volatile Organic Compounds) like formaldehyde and benzene.  UV-C Light Technology:  Sterilizes the air by killing bacteria and viruses that pass through the filter.  Quiet Operation:  Runs at low noise levels for a peaceful environment.  Smart Features:      Air Quality Sensor:  Monitors and displays real-time air quality readings (PM2.5, VOCs).      Auto Mode:  Adjusts fan speed based on air quality levels.      Timer Function:  Set the purifier to automatically turn on and off.      Remote Control:  Control the purifier from your smartphone or tablet.  Sleek and Modern Design:  Complements any home décor.  Coverage Area:  Up to 500 sq ft.","B01000036","['Health & Household', 'Personal Care', 'Skincare', 'Sensitive Skin Care', 'Rosacea Routines']","Health & Household","Personal Care","Skincare","Sensitive Skin Care","Rosacea Routines",""
33," Essential Oil Diffuser for  Individuals seeking relaxation and stress relief: The ZenZone diffuser helps create a peaceful and tranquil atmosphere.   People with sleep difficulties: The soothing aromas and calming lights promote a restful sleep environment.  Homeowners looking for a decorative and functional piece: The stylish design blends seamlessly with any home decor.  Fans of aromatherapy:  The diffuser allows users to enjoy the therapeutic benefits of essential oils.  Those concerned with air quality: The diffuser can help purify and humidify the air, creating a healthier indoor environment. with features:  Ultrasonic Technology:  Quiet and efficient operation, releasing a fine mist of essential oil and water for optimal scent diffusion.  Multiple Modes: Choose from continuous mist, intermittent mist, or light-only mode to create the perfect ambiance.  7 Color-Changing LED Lights: Create a calming and relaxing atmosphere with the soft, adjustable lighting.  Large Capacity: Holds up to 100ml of water, allowing for extended use without refilling.  Automatic Shut-Off: Safety feature ensures the diffuser turns off automatically when the water runs out.  Compact and Stylish Design: Sleek and modern design complements any home decor.  Timer Function: Set a timer for 1, 2, or 3 hours of diffusion.  Whisper-Quiet Operation: Enjoy the calming scent without distracting noise.","B01000033","['Health & Household', 'Personal Care', 'Skincare', 'Sensitive Skin Care', 'Rosacea Routines']","Health & Household","Personal Care","Skincare","Sensitive Skin Care","Rosacea Routines",""
37,"Unknown Product Type for This pillow is ideal for anyone seeking a comfortable and supportive sleep experience, especially those:  Suffering from neck pain, headaches, or stiffness  Preferring a cool and breathable sleep environment  With allergies or sensitivities to dust mites  Looking for a pillow with adjustable height  Prioritizing high-quality and durable sleep products with features:  Premium Bamboo Cover: Made with breathable and hypoallergenic bamboo fabric, this pillow offers a cool and comfortable sleep experience. The soft, silky texture is gentle on your skin and helps regulate temperature.  Contouring Memory Foam: The pillow's memory foam conforms to your head and neck, providing ergonomic support and pressure relief. It effectively aligns your spine and reduces neck pain, headaches, and stiffness.  Adjustable Height: The pillow features a removable insert that allows you to customize the height for your preferred sleeping position, whether you sleep on your back, side, or stomach.   Hypoallergenic and Dust Mite Resistant: The bamboo cover and memory foam filling are naturally hypoallergenic and resist dust mites, making it ideal for allergy sufferers.  Machine Washable Cover: The breathable bamboo cover is easy to remove and machine washable for convenient cleaning.  Durable Construction: The pillow is designed to maintain its shape and support over time, offering long-lasting comfort and quality. ","B01000037","['Health & Household', 'Personal Care', 'Skincare', 'Sensitive Skin Care', 'Rosacea Routines']","Health & Household","Personal Care","Skincare","Sensitive Skin Care","Rosacea Routines",""
35,"  Smart Air Purifier with Voice Control for  Individuals with allergies or respiratory sensitivities: The BreezePure Pro effectively removes allergens and irritants, improving indoor air quality and reducing allergy symptoms.  Pet owners:  Helps eliminate pet dander and other allergens, creating a healthier environment for both pets and humans.  Families with young children:  Provides a clean and safe breathing environment for babies and children, minimizing exposure to harmful pollutants.  Individuals concerned about air quality:  For those living in urban areas or with concerns about indoor air pollution, the BreezePure Pro offers a solution for cleaner, healthier air.  Tech-savvy users:  The voice control and app connectivity features appeal to users who appreciate smart home technology.  with features:  Advanced Filtration System:  A four-stage HEPA filtration system captures 99.97% of airborne particles as small as 0.3 microns, including dust, pollen, pet dander, smoke, and mold spores.   Smart Air Quality Monitoring:  Built-in sensors continuously monitor PM2.5, VOCs, and temperature, providing real-time feedback on air quality.   Voice Control Integration:  Compatible with Amazon Alexa and Google Assistant for hands-free operation. Use your voice to turn the purifier on/off, adjust fan speed, and check air quality readings.  Automatic Mode:  The purifier automatically adjusts fan speed based on detected air quality, ensuring optimal performance.   Timer Function:  Set a timer to automatically turn the purifier on or off at specific times for energy efficiency and peace of mind.   Quiet Operation:  Runs at low noise levels, even at the highest fan speed, making it ideal for bedrooms and living rooms.   Sleek and Modern Design:  Fits seamlessly into any modern home with its minimalist and stylish design.   App Connectivity:  Control and monitor the purifier remotely through a dedicated mobile app. ","B01000035","['Health & Household', 'Personal Care', 'Skincare', 'Sensitive Skin Care', 'Rosacea Routines']","Health & Household","Personal Care","Skincare","Sensitive Skin Care","Rosacea Routines",""
36," Memory Foam Pillow for  Individuals struggling with sleep problems: The calming lavender scent and breathable materials promote relaxation and restful sleep.  People with neck pain or discomfort: The ergonomic design and contouring support alleviate pressure and improve spinal alignment.  Those seeking natural and organic products: The pillow is crafted with sustainably sourced materials and free from harmful chemicals.  Individuals with sensitive skin: The hypoallergenic materials are gentle on the skin and minimize irritation. with features:  Naturally Soothing: Crafted with a blend of organic bamboo charcoal and lavender infused memory foam, this pillow provides a calming and relaxing sleep experience.   Temperature Regulation: Bamboo charcoal's natural properties draw moisture away from the skin, keeping you cool and dry throughout the night.  Contouring Support: Memory foam conforms to your unique head and neck shape, providing optimal support and pressure relief.  Ergonomic Design: The pillow features a gently curved design, promoting proper spinal alignment and reducing neck pain.  Hypoallergenic and Breathable: Made with hypoallergenic materials, this pillow is suitable for those with sensitivities and provides excellent airflow for a comfortable sleep.  Removable and Washable Cover: The pillow comes with a soft, breathable cotton cover that is easily removable and machine washable for easy cleaning.","B01000036","['Health & Household', 'Personal Care', 'Skincare', 'Sensitive Skin Care', 'Rosacea Routines']","Health & Household","Personal Care","Skincare","Sensitive Skin Care","Rosacea Routines",""
30," Memory Foam Pillow with Built-in Sleep Tracking Technology for  Individuals struggling with sleep problems: Including insomnia, restless sleep, and difficulty falling asleep.  People seeking personalized sleep solutions: Looking for insights into their sleep patterns and ways to optimize their sleep quality.  Tech-savvy individuals: Who appreciate the convenience of integrated technology and data-driven insights.  Individuals concerned about their overall health and well-being: Recognizing the importance of quality sleep for physical and mental health. with features:  Adaptive Memory Foam: Conforms perfectly to your head and neck, providing optimal support and pressure relief.  Integrated Sleep Sensors: Tracks sleep duration, quality, and breathing patterns, offering personalized insights to improve your sleep.  Quiet, Silent Operation: Utilizes advanced sensors that are completely silent and non-intrusive, ensuring a peaceful sleep.  Personalized Sleep Recommendations: The accompanying app analyzes your sleep data and provides personalized recommendations for improving sleep habits, including optimal sleep positions, bedtime routines, and environmental factors.  Adjustable Height and Firmness: Allows for personalized comfort by adjusting the pillow's height and firmness to suit your individual needs.  Breathable and Moisture-Wicking Cover: Made from a soft, breathable fabric that keeps you cool and comfortable throughout the night.  Easy to Clean: Machine-washable cover for convenient and hygienic maintenance.  Bluetooth Connectivity: Seamlessly connects to your smartphone or tablet for easy data access and analysis.","B01000030","['Health & Household', 'Personal Care', 'Skincare', 'Sensitive Skin Care', 'Rosacea Routines']","Health & Household","Personal Care","Skincare","Sensitive Skin Care","Rosacea Routines",""
32,"  Air Purifier for  Individuals with allergies or sensitivities: Provides relief from common allergy triggers and improves indoor air quality for those with asthma, hay fever, or other respiratory conditions.  Pet owners: Eliminates pet dander, odors, and allergens, creating a healthier environment for both pets and humans.  Families with young children:  Ensures cleaner air for children's delicate respiratory systems, reducing the risk of asthma and other health problems.  People concerned about indoor air quality: Removes pollutants, allergens, and harmful gases from the air, improving overall health and well-being.  Those seeking a modern, aesthetically pleasing air purifier:  The Eco-Smart Air Purifier offers a sleek design that complements any home décor. with features:  Advanced HEPA Filtration:  Captures 99.97% of airborne particles as small as 0.3 microns, including dust mites, pollen, pet dander, mold spores, and smoke.   Activated Carbon Filter:  Effectively removes odors, VOCs (volatile organic compounds), and harmful gases like formaldehyde.  Ultraviolet Light Sterilization:  Eliminates bacteria and viruses for cleaner, healthier air.  Whisper-Quiet Operation:  Runs at low noise levels, ensuring peaceful sleep and quiet environments.  Multiple Fan Speeds:  Adjust airflow to suit different needs and room sizes.  Timer Function:  Set the purifier to operate automatically for desired periods.  Night Light Mode:  Provides a soft, calming light for nighttime use.  Sleek Design:  Modern, stylish design complements any decor.  Energy Efficient:  Low energy consumption for cost-effective operation.","B01000032","['Health & Household', 'Personal Care', 'Skincare', 'Sensitive Skin Care', 'Rosacea Routines']","Health & Household","Personal Care","Skincare","Sensitive Skin Care","Rosacea Routines",""
31," Aromatherapy Diffuser & Humidifier for  Individuals seeking relaxation and stress relief: The calming aromatherapy and soothing light create a tranquil atmosphere.  People with respiratory issues: The humidifier helps to relieve dryness and congestion.  Those with sensitive skin: The cool mist helps to moisturize the air, minimizing dryness and irritation.  Anyone looking for a natural alternative to chemical air fresheners: Essential oils offer a pleasant fragrance and can help to purify the air.  Individuals interested in creating a positive and energizing environment: Certain essential oil blends can help to boost mood and focus. with features:  Ultrasonic Technology: Quiet and efficient operation, dispersing a fine mist of essential oils and water into the air.  Multi-Mode Operation: Choose from continuous mist, intermittent mist, and light-only modes to suit your needs.  Timer Function: Set the diffuser to automatically shut off after 1, 2, or 4 hours.  LED Mood Lighting: Create a relaxing ambiance with seven calming color options, including white, blue, yellow, green, red, purple, and cyan.  Large Capacity: The 300ml water tank provides up to 8 hours of continuous misting.  Auto Shut-Off: Safety feature that automatically switches off when the water tank is empty.  Compact & Sleek Design: Perfect for bedrooms, living rooms, offices, yoga studios, and more.  Easy to Clean: Simply wipe the base with a damp cloth.","B01000031","['Health & Household', 'Personal Care', 'Skincare', 'Sensitive Skin Care', 'Rosacea Routines']","Health & Household","Personal Care","Skincare","Sensitive Skin Care","Rosacea Routines",""
35," Smart Air Purifier for  People with allergies and sensitivities:  The BreatheEasy Pro provides relief from allergy triggers, improving indoor air quality and reducing allergy symptoms.  Families with pets: Eliminates pet dander and allergens, creating a healthier environment for both pets and humans.  Smokers and non-smokers: Removes smoke and odors, creating a fresh and clean indoor environment.  People living in urban areas:  Filters out pollutants and particulate matter from traffic and industrial emissions, promoting healthier breathing.  Individuals concerned about air quality: Provides peace of mind by monitoring and purifying air, ensuring a clean and healthy living space. with features:  Advanced Filtration System: HEPA 13 filter captures 99.97% of airborne particles as small as 0.3 microns, including dust, pollen, pet dander, mold spores, and smoke.  Activated Carbon Filter: Removes harmful gases and odors, such as VOCs, smoke, and cooking smells.  Smart Connectivity: Connects to your smartphone via a dedicated app, allowing you to monitor air quality, control settings, and schedule operation.  Air Quality Sensor: Continuously monitors air quality and adjusts fan speed automatically for optimal purification.  Quiet Operation: Runs quietly even on high settings, ideal for bedrooms, living rooms, and offices.  Sleek and Compact Design: Modern design complements any decor and takes up minimal space.  Timer Function: Allows you to set the purifier to run for a specific time period.  Night Mode: Reduces light output and noise for undisturbed sleep.","B01000035","['Health & Household', 'Personal Care', 'Skincare', 'Sensitive Skin Care', 'Rosacea Routines']","Health & Household","Personal Care","Skincare","Sensitive Skin Care","Rosacea Routines",""
33,"  Air Purifier & Aromatherapy Diffuser for  Individuals concerned with air quality and seeking a healthier environment.  Those looking for a natural way to improve sleep quality and reduce stress.  People with respiratory issues who benefit from increased humidity.  Aromatherapy enthusiasts looking for a convenient and versatile diffuser.  Homeowners seeking to create a more relaxing and aesthetically pleasing atmosphere. with features:  Dual Function: This innovative device combines the benefits of a humidifier and an aromatherapy diffuser, creating a healthy and fragrant environment.   Ultrasonic Technology: Quietly and efficiently disperses a cool, fine mist into the air, effectively moisturizing and purifying the air.  Adjustable Mist Settings: Choose from various mist output levels to personalize the humidity level for optimal comfort.   Essential Oil Compatibility: Features a large, removable oil reservoir for easy oil filling and cleaning. Compatible with various essential oils, allowing you to create customized aromatherapy blends.  Timer Function:  Programmable timer with various settings for automatic shut-off, ensuring safe and convenient operation.  LED Mood Lighting:  7 color-changing LED lights create a relaxing and ambient atmosphere, perfect for bedtime or setting the mood.  Large Capacity: Holds a significant amount of water, minimizing the need for frequent refills.  Sleek Design:  Modern, minimalist design complements any home decor.  Safety Features:  Auto shut-off when water runs low, ensuring safe operation.","B01000033","['Health & Household', 'Personal Care', 'Skincare', 'Sensitive Skin Care', 'Rosacea Routines']","Health & Household","Personal Care","Skincare","Sensitive Skin Care","Rosacea Routines",""
31," Ultrasonic Aromatherapy Diffuser for  Individuals seeking a natural and relaxing way to improve their mood, reduce stress, and promote well-being.  People looking for a stylish and functional diffuser to enhance their home decor and create a serene environment.  Those who appreciate aromatherapy and its benefits for mental and physical health.  Individuals who desire a convenient and portable diffuser for use in various settings.  Anyone looking for a thoughtful and practical gift for a loved one. with features:  Elegant Design: Crafted with a sleek, modern aesthetic, featuring a ceramic base with a minimalist wood-grain finish.  Multiple Lighting Modes: Choose from 7 vibrant LED colors or create a relaxing ambiance with the soft, warm white light. You can also cycle through the colors or set it to a calming nightlight mode.  Ultrasonic Technology: Quietly diffuses essential oils into a fine mist, enhancing your space with a refreshing aroma and a sense of calm.  Multiple Settings: Control the mist intensity (low, medium, high) and set the timer for 1, 2, or 4 hours.  Auto Shut-off: Turns off automatically when the water runs out, ensuring safety and energy efficiency.  Large Capacity: Holds up to 100ml of water, providing up to 8 hours of continuous diffusion.  Easy to Clean: Removable and washable parts for convenient maintenance.  USB Powered: Conveniently powered by USB cable, making it ideal for use at home, in the office, or on the go.","B01000031","['Health & Household', 'Personal Care', 'Skincare', 'Sensitive Skin Care', 'Rosacea Routines']","Health & Household","Personal Care","Skincare","Sensitive Skin Care","Rosacea Routines",""
30," Essential Oil Diffuser for  Individuals seeking relaxation and stress relief: The soothing mist and calming light create a peaceful ambiance perfect for unwinding after a long day.  Aromatherapy enthusiasts: The diffuser allows for optimal diffusion of essential oils, enhancing their therapeutic benefits.  Home decorators: The stylish design adds a touch of elegance to any room, making it a beautiful and functional piece.  Gift seekers: The ""Zen-Zone"" diffuser is a thoughtful present for friends and family, promoting well-being and mindfulness. with features:  Ultrasonic Technology: Creates a cool mist for optimal aroma diffusion and a soothing atmosphere.   Multiple Mist Modes: Choose from continuous, intermittent, and timed misting options to customize your experience.  7-Color LED Light: Creates a relaxing ambiance with adjustable brightness and color-cycling modes.  Large Capacity: Holds up to 100ml of water, allowing for extended use without refilling.  Auto Shut-Off: Features an automatic shut-off system when the water runs low, preventing damage.  Quiet Operation: Runs silently, perfect for creating a peaceful and relaxing environment.  Compact Design: Stylish and sleek, fitting seamlessly into any decor.  Safety Certified: Meets safety standards for worry-free use.","B01000030","['Health & Household', 'Personal Care', 'Skincare', 'Sensitive Skin Care', 'Rosacea Routines']","Health & Household","Personal Care","Skincare","Sensitive Skin Care","Rosacea Routines",""
31," Essential Oil Diffuser for  Stress Relief Seekers: The ""Clean & Calm"" diffuser is perfect for individuals who want to create a relaxing and stress-free atmosphere at home or in the office.   Aromatherapy Enthusiasts: Its wide range of timer settings and colour options allows for customized aromatherapy experiences.  Health-Conscious Consumers: The diffuser promotes a natural and healthier way to enhance well-being and improve sleep quality.  Home Decor Lovers: The stylish design seamlessly integrates into any space, adding a touch of modern elegance.  Gift-Givers: The ""Clean & Calm"" diffuser is a thoughtful and practical gift for friends, family, or colleagues seeking relaxation and a sense of calm. with features:  Ultrasonic Technology:  Quiet and efficient operation, dispersing essential oils into fine mist for optimal aromatherapy benefits.   Multiple Timer Settings: Choose from 1, 2, or 3 hours of continuous diffusion or use the intermittent setting for up to 6 hours of soothing aroma.  7 LED Color Options: Create a calming ambience with your choice of 7 vibrant colours or enjoy the soothing glow of a calming night light.  Auto Shut-Off Function:  Automatic safety feature that shuts off the diffuser when the water level is low, preventing damage and ensuring safe operation.  Stylish Design: Sleek and modern design, available in a variety of colours to complement any décor.  Whisper-Quiet Operation: Enjoy a peaceful and relaxing atmosphere without disruptive noise.","B01000031","['Health & Household', 'Personal Care', 'Skincare', 'Sensitive Skin Care', 'Rosacea Routines']","Health & Household","Personal Care","Skincare","Sensitive Skin Care","Rosacea Routines",""
33," Weighted Blanket for  Adults struggling with anxiety and stress: The deep pressure stimulation offered by the weighted blanket provides a calming and soothing effect, helping to reduce anxiety and promote relaxation.  Individuals seeking improved sleep quality: The weighted blanket's comforting pressure can help regulate sleep cycles, reduce restlessness, and promote deeper, more restorative sleep.  People with sensory sensitivities:  The blanket's soft, plush texture and gentle pressure can provide a comforting and reassuring sensation for individuals with sensory processing differences.  Anyone looking for a luxurious and comforting sleep experience: The ""Sleep Soundly"" Weighted Blanket offers a unique combination of comfort, relaxation, and therapeutic benefits, making it an ideal choice for anyone seeking a more restful and enjoyable sleep.  Additional Information:  Available in a variety of colors and patterns to complement any bedroom decor.  Comes with a carrying bag for easy storage and portability.  Backed by a satisfaction guarantee.  with features:  Luxurious Comfort: Crafted from a premium blend of soft, breathable microfiber and plush velvet, the ""Sleep Soundly"" Weighted Blanket provides a cozy and comforting embrace. Its smooth, silky texture feels luxurious against the skin, promoting relaxation and tranquility.  Deep Pressure Stimulation:  The blanket features a precise distribution of micro-beads that offer deep pressure stimulation. This gentle, comforting pressure mimics the feeling of a warm hug, easing anxiety, reducing stress, and promoting a sense of calmness.  Customizable Weight:  Available in a variety of weights (5lbs, 10lbs, 15lbs, 20lbs) to suit individual needs and preferences. The weight can be adjusted based on body size and desired level of pressure.  Durable Construction:  The ""Sleep Soundly"" Weighted Blanket is designed for long-lasting use. The high-quality materials and meticulous craftsmanship ensure its durability and resistance to wear and tear.  Easy Care:  The blanket is machine-washable and dryer-friendly, making it easy to maintain and keep clean.","B01000033","['Health & Household', 'Personal Care', 'Skincare', 'Sensitive Skin Care', 'Rosacea Routines']","Health & Household","Personal Care","Skincare","Sensitive Skin Care","Rosacea Routines",""
23," Ultrasonic Aromatherapy Diffuser for  Individuals seeking relaxation and stress relief:  The diffuser's calming mist and aromatherapy benefits provide a perfect escape from daily pressures.  Insomniacs or individuals struggling with sleep difficulties:  The calming light and soothing scents can aid in achieving a restful night's sleep.  Yoga and meditation enthusiasts:  Create a serene and inviting atmosphere for mindfulness practices.  Homeowners seeking to enhance their ambiance:  The diffuser's sleek design and customizable features can elevate any room's aesthetic appeal.  People with allergies or sensitivities:  The gentle mist and natural essential oils can be a healthier alternative to traditional air fresheners.   Gift-givers:  The ""Zen"" diffuser makes a thoughtful and practical gift for loved ones seeking to improve their well-being. with features:  Ultrasonic Technology: Quiet and efficient mist diffusion, creating a soothing and relaxing ambiance.  7 Color LED Light:  Cycle through calming colors or choose a single color to set the mood. The light can also be turned off for complete relaxation.   Auto Shut-Off:  Safety feature ensures the diffuser automatically shuts off when the water runs out, preventing any accidents.  Multiple Timer Settings:  Choose from 1, 2, or 3 hours of continuous mist diffusion to fit your needs.  Large Capacity:  Hold up to 100ml of water, allowing for extended use without refilling.  Versatile Design:  Sleek and modern design complements any decor. Can be used in bedrooms, living rooms, offices, yoga studios, or any space where relaxation is desired.  Essential Oil Compatible:  Use with your favorite essential oils for personalized aromatherapy experiences.  Quiet Operation:  Disturbs sleep or work, promoting a peaceful atmosphere.   Easy to Clean:  Simple and straightforward cleaning process, ensuring hygiene and longevity. ","B01000023","['Health & Household', 'Personal Care', 'Skincare', 'Sensitive Skin Care', 'Rosacea Routines']","Health & Household","Personal Care","Skincare","Sensitive Skin Care","Rosacea Routines",""
31,"  Memory foam pillow for  Individuals who experience neck pain, headaches, or sleep disturbances.  People who prefer a supportive and comfortable pillow.  Those who sleep in different positions throughout the night.  Allergy sufferers looking for a hypoallergenic sleep solution.  Anyone seeking to improve their sleep quality and overall well-being. with features:  Adaptive Comfort: Contoured design with adjustable loft allows for personalized support, catering to various sleeping positions (side, back, stomach).  Pressure-Relieving Memory Foam:  Cradles the head and neck, reducing pressure points and promoting spinal alignment.  Breathable Cover:  Made from a soft, breathable fabric that wicks away moisture and helps regulate temperature for a cool and comfortable sleep.  Removable and Washable Cover: Easy to clean and maintain hygiene.  Hypoallergenic and Dust Mite Resistant:  Suitable for allergy sufferers.  Ergonomic Design: Supports the natural curvature of the neck and spine for optimal comfort and alignment.","B01000031","['Health & Household', 'Personal Care', 'Skincare', 'Sensitive Skin Care', 'Rosacea Routines']","Health & Household","Personal Care","Skincare","Sensitive Skin Care","Rosacea Routines",""
29," Water Bottle with Smart Features for  Health-conscious individuals:  People who prioritize their well-being and understand the importance of staying hydrated.  Busy professionals: Those with demanding schedules who need reminders and motivation to maintain proper water intake.  Fitness enthusiasts: Athletes and active individuals who require optimal hydration for performance.  Anyone seeking to improve their daily water consumption: This product is suitable for people of all ages and lifestyles who aim to increase their water intake. with features:  Smart Tracking: Connects via Bluetooth to a mobile app, which tracks water intake, sets personalized hydration goals, and reminds users to drink throughout the day.  Leak-Proof Design: Double-walled stainless steel construction with a secure lid to prevent leaks and spills.  Temperature Control:  Keeps drinks cold for up to 24 hours and hot for up to 12 hours, thanks to the vacuum insulation.  Time-Stamped Reminders: The app provides customizable reminders tailored to individual schedules and hydration needs.  Motivational Features: Gamified features like progress bars and achievement badges encourage consistent hydration habits.  Multiple Color Options: Available in a range of stylish and vibrant colors to suit personal preferences.  Durable and Long-Lasting: Made from high-quality materials designed for everyday use.","B01000029","['Health & Household', 'Personal Care', 'Skincare', 'Sensitive Skin Care', 'Rosacea Routines']","Health & Household","Personal Care","Skincare","Sensitive Skin Care","Rosacea Routines",""
33,"Unknown Product Type for  Individuals seeking stress relief and relaxation: The AromaBliss diffuser is perfect for creating a calming and tranquil atmosphere in any space.  Aromatherapy enthusiasts: The diffuser allows users to enjoy the benefits of essential oils through gentle and effective diffusion.  People with dry skin or respiratory issues: The cool mist humidifier feature can help alleviate dryness and improve air quality.  Individuals seeking to enhance their sleep quality: The diffuser's soothing mist and calming lights can promote restful sleep.  Home décor enthusiasts: The stylish design adds a touch of sophistication to any living space. with features:  Ultrasonic Technology: Quiet and cool mist diffusion, ideal for aromatherapy and humidifying dry air.  Multiple Mist Modes: Choose from continuous, intermittent, and timer modes for customized usage.  7-Color LED Lights: Create a calming and relaxing atmosphere with adjustable colors or a cycling light show.  Large Capacity: Holds up to 100ml of water and essential oil blend, providing long-lasting diffusion.  Automatic Shut-Off: Safety feature prevents the diffuser from running dry, ensuring longevity.  Sleek and Modern Design: Stylish and compact design seamlessly blends with any home decor.  Easy to Use: Simple controls and clear instructions for effortless operation.  Whisper-Quiet Operation: Create a peaceful and relaxing environment without any disruptive noise.","B01000033","['Health & Household', 'Personal Care', 'Skincare', 'Sensitive Skin Care', 'Rosacea Routines']","Health & Household","Personal Care","Skincare","Sensitive Skin Care","Rosacea Routines",""
33,"Unknown Product Type for  Individuals seeking relief from dry air and its associated discomforts, such as dry skin, coughing, and congestion.  People who live in dry climates or use heating systems that can dehumidify the air.  Parents with young children or infants who benefit from humidified air for better breathing and sleep.  Individuals interested in aromatherapy and the benefits of essential oils. with features:  Ultrasonic Technology:  Quiet operation with cool mist output for optimal humidity control.  Compact Design:  Lightweight and portable, perfect for bedside tables, desks, and small spaces.  Adjustable Mist Settings:  Choose from low, medium, and high mist levels to tailor humidity to your needs.  Automatic Shut-Off:  Safety feature prevents overheating and dry burning.  Large Water Tank:  Provides up to 12 hours of continuous mist output.  Built-in LED Nightlight:  Offers a soothing and calming atmosphere for sleep.  Essential Oil Diffuser:  Add a few drops of your favorite essential oils to enjoy aromatherapy benefits.  Easy to Clean:  Detachable tank and filter for effortless maintenance.","B01000033","['Health & Household', 'Personal Care', 'Skincare', 'Sensitive Skin Care', 'Rosacea Routines']","Health & Household","Personal Care","Skincare","Sensitive Skin Care","Rosacea Routines",""
36,"Unknown Product Type for  Individuals seeking relaxation and stress relief:  The soothing aroma of essential oils and the calming LED lights create a tranquil environment.  Those with respiratory issues:  The cool mist can help to relieve congestion and open airways.  People with sensitive skin:  Ultrasonic technology ensures a gentle mist that won't irritate skin.  Families with young children:  The nightlight function and quiet operation make it perfect for bedtime routines.  Anyone seeking to improve air quality:  The diffuser can help to purify the air by releasing essential oils with antibacterial and antimicrobial properties. with features:  Ultrasonic Technology:  Quiet and efficient operation, creating a cool mist without heat damage to the essential oils.  7 LED Light Modes:  Create a calming and relaxing ambiance with various color settings and brightness levels, including a soothing nightlight function.  Adjustable Mist Output:  Choose from low, medium, and high settings to customize the amount of mist released.  Automatic Shut-Off:  Safety feature ensures peace of mind with automatic shut-off when the water level is low.  Large Capacity:  Generous 100ml water tank provides up to 8 hours of continuous diffusion time.  Timer Function:  Set the diffuser to run for 1, 2, or 3 hours, or for continuous use.  Sleek and Modern Design:  Stylish and compact design complements any home decor.  USB Power:  Conveniently power the diffuser with a USB adapter or computer.  Quiet Operation:  Runs at a whisper-quiet level, ideal for creating a peaceful atmosphere.","B01000036","['Health & Household', 'Personal Care', 'Skincare', 'Sensitive Skin Care', 'Rosacea Routines']","Health & Household","Personal Care","Skincare","Sensitive Skin Care","Rosacea Routines",""
32," Air Purifier for  Individuals with Allergies & Sensitivities:  The ""Zen Garden"" provides relief from allergy symptoms by removing airborne allergens.  Pet Owners:  Effectively eliminates pet dander and odors, creating a cleaner and healthier environment for both pets and their owners.  Families with Children:  Safe and quiet operation makes it ideal for nurseries and playrooms.   Health-Conscious Individuals:  The ""Zen Garden"" helps improve indoor air quality, promoting overall well-being.  Those Seeking a Peaceful Atmosphere:  The silent operation and ambient nightlight contribute to a calming and relaxing environment. with features:  Ultra-Quiet Operation: Experience clean air without the distraction of loud fan noise. The ""Zen Garden"" operates silently, perfect for bedrooms, nurseries, or any space where peace and quiet are desired.  Advanced Filtration Technology: A three-stage HEPA filtration system effectively removes 99.97% of airborne particles as small as 0.3 microns, including dust mites, pollen, pet dander, smoke, and mold spores.   Activated Carbon Filter:  An additional activated carbon filter neutralizes odors from pets, cooking, and other sources, creating a fresh and pleasant atmosphere.  Smart Sensor Technology: Automatically adjusts fan speed based on air quality, ensuring optimal purification and energy efficiency.  Sleek and Modern Design:  The ""Zen Garden"" features a minimalist aesthetic with a soft, ambient nightlight, blending seamlessly into any décor.  Timer Function:  Set the purifier to run for a predetermined time, perfect for overnight use or timed cleaning cycles.  Easy Maintenance: The filter is easily accessible and replaceable, with clear indicators to signal when it needs changing.","B01000032","['Health & Household', 'Personal Care', 'Skincare', 'Sensitive Skin Care', 'Rosacea Routines']","Health & Household","Personal Care","Skincare","Sensitive Skin Care","Rosacea Routines",""
28," Weighted Blanket for  Individuals struggling with anxiety, insomnia, or restless sleep: The deep pressure stimulation provided by the weighted blanket can help alleviate these issues, promoting relaxation and restful sleep.  People with autism or sensory processing issues: The gentle pressure can provide a calming and grounding effect for individuals with sensory sensitivities.  Anyone seeking enhanced sleep quality:  The weighted blanket's ability to reduce stress and promote relaxation can help individuals fall asleep faster and stay asleep longer.  Individuals who enjoy the feeling of being hugged or snuggled: The weighted blanket offers a similar sensation, providing a sense of security and comfort. with features:  Premium Microfiber Cover: Soft, breathable, and hypoallergenic, providing a luxurious feel against your skin.  Available in a variety of calming colors.  Evenly Distributed Glass Beads: Carefully selected glass beads offer a consistent weight distribution for optimal pressure therapy, promoting relaxation and reducing anxiety.  Multiple Weight Options: Choose from a range of weights (5-20 lbs) to suit your individual needs and preferences.  Machine Washable:  The blanket is easily machine washable and dryer safe, making it convenient and hygienic.  Durable Construction:  Made with high-quality materials and meticulous stitching to ensure long-lasting use.  Dual-Sided Design: Features a smooth, cooling microfiber side and a plush, comforting fleece side, allowing you to choose the perfect texture for your comfort.  Comes with a Removable Cover: The cover is easily removed for washing, ensuring your blanket stays fresh and clean. ","B01000028","['Health & Household', 'Personal Care', 'Skincare', 'Sensitive Skin Care', 'Rosacea Routines']","Health & Household","Personal Care","Skincare","Sensitive Skin Care","Rosacea Routines",""
35," Ultrasonic Essential Oil Diffuser for  Individuals seeking relaxation and stress relief: The calming mist and soothing LED lights create a tranquil atmosphere for unwinding after a long day.   People with sleep difficulties:  Certain essential oils, like lavender or chamomile, have calming properties that promote restful sleep.   Individuals interested in natural remedies:  Essential oils can be used for a variety of purposes, such as boosting mood, easing headaches, and promoting respiratory health.   Families with young children: The gentle mist and colorful lights make it a fun and engaging way to introduce aromatherapy to kids.   Anyone looking to enhance their home décor:  The sleek design and customizable LED lights make it a stylish addition to any living space.  with features:  Ultrasonic Technology: Creates a cool, fine mist that effectively diffuses essential oils throughout your space without heat, preserving the therapeutic properties.   7 Color-Changing LED Lights:  Create a calming and relaxing atmosphere with a choice of 7 different LED colors. The lights can be set to cycle through all colors or remain fixed on your preferred color.   Adjustable Mist Output:  Control the intensity of the mist with two different mist settings: continuous mist or intermittent mist.   Timer Function:  Choose from 1, 2, or 3-hour timer settings, allowing you to enjoy aromatherapy for as long as you need.   Automatic Shut-Off:  The diffuser will automatically shut off when the water runs out, ensuring safety and energy efficiency.   Quiet Operation:  Enjoy a peaceful ambiance without the distraction of loud humming or buzzing noises.  Sleek and Modern Design:  Made from high-quality, durable materials with a sleek and modern aesthetic that blends seamlessly with any décor.  Easy to Clean:  The diffuser is simple to clean and maintain with a removable lid and water tank.   Large Capacity:  The spacious water tank provides up to 4 hours of continuous mist, ideal for larger rooms or long-lasting aromatherapy sessions. ","B01000035","['Health & Household', 'Personal Care', 'Skincare', 'Sensitive Skin Care', 'Rosacea Routines']","Health & Household","Personal Care","Skincare","Sensitive Skin Care","Rosacea Routines",""
32," Weighted Blanket for  Individuals struggling with anxiety and insomnia: The gentle pressure of the weighted blanket helps to reduce stress and promote restful sleep.  People with sensory processing disorders: The calming weight can provide sensory input that helps to regulate sensory sensitivities.  Anyone seeking deeper relaxation and improved sleep quality: The blanket's comforting weight and luxurious fabric create a cocoon-like experience for ultimate relaxation.  Athletes and active individuals: The weighted blanket can aid in muscle recovery and reduce post-workout soreness.   People who travel frequently: The blanket's portability makes it ideal for taking on trips for a comforting sleep experience in unfamiliar environments. with features:  Luxurious & Soft: Crafted from premium, breathable bamboo viscose fabric, providing a soft and silky touch against your skin.  Calming Weight Distribution: Evenly distributed glass beads offer a gentle, comforting pressure that mimics a warm embrace, promoting relaxation and reducing anxiety.  Multiple Weight Options: Available in 5lb, 10lb, 15lb, and 20lb weights to suit individual preferences and body sizes.  Durable & Easy Care: Machine washable and dryer safe for hassle-free cleaning.   Versatile Design: Suitable for use on beds, couches, or even while sitting at a desk, offering comfort and security wherever you are.  Quiet & Noiseless: The glass beads move freely, ensuring a peaceful sleep without any distracting rustling sounds.  Stylish & Modern: Available in a range of calming and sophisticated colors to complement any décor.","B01000032","['Health & Household', 'Personal Care', 'Skincare', 'Sensitive Skin Care', 'Rosacea Routines']","Health & Household","Personal Care","Skincare","Sensitive Skin Care","Rosacea Routines",""
31," Air Purifier for  Individuals with allergies or sensitivities: The HEPA filtration system helps to reduce allergy triggers and improve indoor air quality.  Pet owners:  The air purifier effectively removes pet dander and odors, creating a cleaner and healthier environment for pets and humans.  Families with young children: The UV-C light helps eliminate harmful germs and bacteria, ensuring a safer and healthier living space.  People living in urban areas: The air purifier removes pollutants, smoke, and other airborne contaminants common in urban environments.  Individuals concerned about air quality: The real-time air quality monitoring provides peace of mind and helps to maintain optimal indoor air quality. Overall, the Zen Breeze 360° Smart Air Purifier is a comprehensive solution for improving indoor air quality and creating a healthier, more comfortable living space for everyone. with features:  Advanced 4-Stage Filtration System:       Pre-Filter: Catches large particles like dust, pet hair, and lint.      HEPA Filter: Removes 99.97% of airborne particles as small as 0.3 microns, including pollen, mold spores, and pet dander.      Activated Carbon Filter:  Effectively absorbs odors, smoke, VOCs, and other gases.      UV-C Light: Eliminates bacteria and viruses in the air.  Smart Connectivity:       Wi-Fi Enabled: Control the purifier remotely via a user-friendly mobile app.      Air Quality Monitoring: Real-time monitoring of PM2.5, VOCs, and humidity levels displayed on the app and the unit's LED screen.      Automatic Mode:  The purifier adjusts its fan speed based on detected air quality levels.      Timer Function: Set the purifier to run for specific durations.  Quiet Operation:  Multiple fan speeds provide customizable airflow while maintaining whisper-quiet operation.  Sleek Design:  Modern and compact design seamlessly blends with any home décor.  Night Light Mode:  Soft, adjustable LED light allows for a calming ambiance in the evening.  Energy Efficient:  Low power consumption minimizes energy usage.","B01000031","['Health & Household', 'Personal Care', 'Skincare', 'Sensitive Skin Care', 'Rosacea Routines']","Health & Household","Personal Care","Skincare","Sensitive Skin Care","Rosacea Routines",""
35," Air Purifier for This smart air purifier is ideal for individuals and families concerned about:  Air Quality: Those living in polluted areas, with allergies, asthma, or other respiratory issues, or who are sensitive to dust, pet dander, or smoke.  Home Comfort: Anyone looking to improve indoor air quality and create a healthier and more comfortable living environment.  Convenience and Technology: Individuals who enjoy smart home features and the ease of remote control.  Pet Owners:  Those with pets who shed or produce dander, as the purifier effectively removes allergens. with features:  HEPA Filtration: Captures 99.97% of airborne particles down to 0.3 microns, including dust, pollen, pet dander, mold spores, and smoke.  Activated Carbon Filter: Removes odors, gases, and VOCs (volatile organic compounds) from the air.  Smart Features: Connects to your home Wi-Fi network and can be controlled remotely via a dedicated app.  Voice Control: Compatible with Amazon Alexa and Google Assistant for hands-free operation.  Air Quality Sensor: Monitors air quality in real-time and automatically adjusts fan speed for optimal performance.  Sleep Mode: Quiet operation with dimmed display for undisturbed sleep.  Timer Function: Set the purifier to run for a specific time period.  Auto Mode: Automatically adjusts fan speed based on detected air quality levels.  Child Lock: Prevents accidental changes to settings.  360° Air Intake: Efficiently purifies air from all directions.  Sleek and Modern Design: Blends seamlessly into any home décor.","B01000035","['Health & Household', 'Personal Care', 'Skincare', 'Sensitive Skin Care', 'Rosacea Routines']","Health & Household","Personal Care","Skincare","Sensitive Skin Care","Rosacea Routines",""
34," Aromatherapy Diffuser & Humidifier for  Individuals seeking to improve their well-being and create a calming atmosphere.  Those looking for natural alternatives to traditional air fresheners.  People with dry skin or respiratory issues who benefit from increased humidity.  Homeowners who value aesthetically pleasing and functional home décor.  Parents who want to create a peaceful and soothing environment for their children. with features:  Ultrasonic Technology: Quiet and efficient operation, creating a fine mist that diffuses essential oils and humidifies the air.  Multiple Mist Modes: Choose from continuous mist, intermittent mist, or a timer for up to 8 hours of operation.  Adjustable Light Settings: Create the perfect ambiance with a selection of calming LED lights, including a color cycle option.  Large Water Tank: Holds up to 100ml of water, providing up to 8 hours of continuous mist.  Auto Shut-Off: Ensures safety by automatically turning off when the water level gets low.  Compact and Stylish Design: Blends seamlessly with any décor, making it perfect for bedrooms, living rooms, offices, and more.  Whisper-Quiet Operation: Enjoy a peaceful and relaxing atmosphere without disruptive noise.  Easy to Use: Simple controls and a user-friendly design make it easy for anyone to operate.  Comes with 5 Essential Oil Blends: Designed to promote relaxation, focus, sleep, and more.","B01000034","['Health & Household', 'Personal Care', 'Skincare', 'Sensitive Skin Care', 'Rosacea Routines']","Health & Household","Personal Care","Skincare","Sensitive Skin Care","Rosacea Routines",""
34,"  Smart Air Purifier for  Individuals with allergies or sensitivities:  The BreatheEasy Pro offers effective relief from common allergens like dust, pollen, and pet dander.  Families with young children or pets:  The advanced filtration system removes harmful pollutants and ensures a healthy indoor environment for your loved ones.  People living in urban areas:  The purifier effectively combats air pollution and improves air quality in polluted environments.  Individuals concerned about indoor air quality:  The BreatheEasy Pro provides peace of mind with real-time air quality monitoring and automated adjustments.  Tech-savvy individuals:  The smart features and app control make the BreatheEasy Pro a modern and convenient solution for improving indoor air quality. with features:  Advanced HEPA Filtration:  Equipped with a 4-stage HEPA filtration system that captures up to 99.97% of airborne particles as small as 0.3 microns, including dust, pollen, pet dander, mold spores, smoke, and other allergens.  Active Carbon Filter: Effectively removes odors, gases, and volatile organic compounds (VOCs) from the air, leaving a fresh and clean scent.  Smart App Control:  Control the purifier remotely via a dedicated smartphone app, allowing you to adjust fan speed, set schedules, monitor air quality, and receive real-time notifications.  Air Quality Monitoring:  Built-in sensors constantly monitor air quality for PM2.5, VOCs, and temperature, providing you with a real-time understanding of your indoor air.  Quiet Operation:  Offers multiple fan speeds, including a whisper-quiet mode for undisturbed sleep.  Sleek Design:  Modern and compact design complements any home decor, blending seamlessly with your existing furnishings.  Automatic Mode:  Automatically adjusts fan speed based on detected air quality levels for optimal performance.  Timer Function:  Set the purifier to run for a specific duration, ensuring efficient energy usage.  Night Light:  Includes a soft night light for added convenience and safety.","B01000034","['Health & Household', 'Personal Care', 'Skincare', 'Sensitive Skin Care', 'Rosacea Routines']","Health & Household","Personal Care","Skincare","Sensitive Skin Care","Rosacea Routines",""
31," Essential Oil Diffuser for  Individuals seeking relaxation and stress relief: The soothing mist and calming light create a spa-like ambiance, ideal for unwinding after a long day.  Aromatherapy enthusiasts:  This diffuser allows for the effective dispersal of essential oils, maximizing their therapeutic benefits.  People with sleep difficulties: The calming effects of aromatherapy and the white noise produced by the diffuser can aid in promoting restful sleep.  Those who want to improve indoor air quality:  The diffuser effectively humidifies the air and purifies it, promoting a healthier environment.  Home décor lovers:  The aesthetically pleasing design and customizable lighting add a touch of elegance and sophistication to any room. with features:  Ultrasonic Technology: Creates a cool mist, preserving the therapeutic properties of essential oils.   Multiple Mist Modes: Choose from continuous, intermittent, and adjustable mist settings to control the diffusion intensity.   Timer Function:  Set a timer for 1, 2, or 4 hours of continuous diffusion, allowing you to enjoy the benefits of aromatherapy without leaving the diffuser running all night.  7 LED Light Modes:  Relax and unwind with the calming ambiance of 7 different colored lights, creating a soothing atmosphere. The light can be set to cycle through colors or remain fixed on your preferred hue.   Large Water Tank:  Enjoy up to 8 hours of continuous diffusion with the spacious water tank.  Whisper-Quiet Operation:  Experience a peaceful and relaxing environment without disruptive noise.  Automatic Shut-Off:  The diffuser shuts off automatically when the water runs out, ensuring safety and preventing damage.  Elegant Design: The diffuser boasts a sleek and minimalist design, blending seamlessly with any décor.","B01000031","['Health & Household', 'Personal Care', 'Skincare', 'Sensitive Skin Care', 'Rosacea Routines']","Health & Household","Personal Care","Skincare","Sensitive Skin Care","Rosacea Routines",""
32,"  Air Purifier with HEPA filter and UV-C light technology for  People with allergies or sensitivities:  The powerful HEPA filter removes allergens and irritants from the air, providing relief for allergy sufferers.  Pet owners:  Captures pet dander and hair, reducing pet-related allergens in the home.  Families with young children:  Eliminates airborne bacteria and viruses, creating a healthier environment for children.  People living in urban areas:  Reduces air pollution and pollutants from traffic and industry.  Anyone who wants cleaner, healthier air:  Improves indoor air quality and overall well-being. with features:  Powerful HEPA filtration: Captures 99.97% of airborne particles as small as 0.3 microns, including dust, pollen, pet dander, mold spores, and smoke.  UV-C light sterilization:  Eliminates bacteria, viruses, and other microorganisms for cleaner, healthier air.  Three-speed fan:  Adjust airflow to suit your needs, from gentle circulation to powerful purification.  Quiet operation:  Runs silently, even at the highest speed, so it won't disrupt sleep or work.  Timer function:  Set the purifier to run for a specific duration, saving energy and maximizing efficiency.  Night light feature:  Provides a soft, calming glow for nighttime use.  Sleek and modern design:  Fits seamlessly into any home décor.  Easy-to-use controls:  Simple buttons and a clear LED display make operation effortless.  Replacement filter indicator:  Lets you know when it's time to change the filter for optimal performance.","B01000032","['Health & Household', 'Personal Care', 'Skincare', 'Sensitive Skin Care', 'Rosacea Routines']","Health & Household","Personal Care","Skincare","Sensitive Skin Care","Rosacea Routines",""
39," Air Purifier for  Individuals with Allergies & Asthma:  Helps reduce triggers like dust, pollen, and mold, improving indoor air quality and breathing comfort.  Pet Owners:  Effectively removes pet dander and allergens, creating a healthier environment for both humans and pets.  Families with Children:  Protects children from harmful pollutants and creates a cleaner, safer environment.  Homeowners:  Enhances indoor air quality and eliminates unpleasant odors, creating a more comfortable and healthy home.  Anyone Concerned about Air Quality:  Provides peace of mind knowing you're breathing clean, fresh air.  with features:  Advanced 4-Stage Filtration System:        Pre-Filter: Catches large particles like dust, pet hair, and pollen.      HEPA Filter:  Removes 99.97% of airborne particles as small as 0.3 microns, including dust mites, mold spores, and smoke.      Activated Carbon Filter: Absorbs odors, gases, and VOCs (volatile organic compounds) like formaldehyde and benzene.      UV-C Light:  Disinfects the air by killing bacteria and viruses.  Smart Technology:      Real-time Air Quality Monitoring:  Accurately measures PM2.5, VOCs, and humidity levels.      Wi-Fi Connectivity: Control and monitor the purifier from anywhere using a smartphone app.      Voice Control Compatibility: Works with popular voice assistants like Alexa and Google Assistant.  Quiet Operation: Runs silently at night, allowing for undisturbed sleep.  Auto Mode:  Automatically adjusts fan speed based on real-time air quality readings.  Timer Function:  Set the purifier to run for specific durations.  Energy Efficient: Low power consumption, saving you money on your electricity bill.  Sleek and Modern Design:  Fits seamlessly into any home décor.","B01000039","['Health & Household', 'Personal Care', 'Skincare', 'Sensitive Skin Care', 'Rosacea Routines']","Health & Household","Personal Care","Skincare","Sensitive Skin Care","Rosacea Routines",""
30," Memory Foam Pillow for  Individuals seeking improved sleep quality: Sufferers of neck pain, headaches, or restless sleep can benefit from the ergonomic support and comfort.  Side sleepers: The contouring design provides excellent neck and shoulder support, minimizing pressure points and promoting comfortable positioning.  Back sleepers: The pillow's gentle curvature encourages a neutral spine alignment, reducing strain and discomfort.  Individuals with allergies: The hypoallergenic and dust mite resistant materials provide a clean and healthy sleep environment.  People who prioritize comfort and quality: The Sleep Serenity Pillow offers a premium sleeping experience with its luxurious materials and advanced features. with features:  Contouring Design: Ergonomically designed to support the natural curvature of the neck and spine, reducing pressure points and promoting proper alignment.   Temperature-Regulating Cover: Made from breathable, moisture-wicking fabric that keeps you cool and comfortable throughout the night.  Adaptive Memory Foam: Responds to your body heat and weight, providing personalized support and pressure relief.  Hypoallergenic and Dust Mite Resistant: Ideal for allergy sufferers, ensuring a clean and healthy sleep environment.  Removable and Washable Cover: Easily maintain freshness and hygiene with a machine-washable cover.   Adjustable Height:  Features a removable layer for customized height adjustment to suit individual needs.  Premium Quality: Crafted with high-density memory foam for lasting durability and comfort.","B01000030","['Health & Household', 'Personal Care', 'Skincare', 'Sensitive Skin Care', 'Rosacea Routines']","Health & Household","Personal Care","Skincare","Sensitive Skin Care","Rosacea Routines",""
29," Sleep Mat for  Individuals struggling with sleep issues: The Smart Sleep Mat is ideal for individuals experiencing insomnia, restless sleep, or other sleep disorders.   Sleep enthusiasts: For those seeking to optimize their sleep quality and gain valuable insights into their sleep patterns.  Smart Home Users: The mat complements existing smart home ecosystems, enhancing overall convenience and control.  Individuals with back pain or discomfort: The adjustable firmness and pressure mapping can provide targeted support and reduce pressure points. with features:  Advanced Pressure Mapping Technology: The Smart Sleep Mat utilizes a network of sensors to accurately map your body's pressure points throughout the night.   Personalized Sleep Analysis: Data collected from the pressure mapping is analyzed by a dedicated app, providing you with detailed insights into your sleep quality, including sleep stages, movement patterns, and breathing patterns.  Adaptive Comfort: The mat automatically adjusts its firmness and temperature based on your individual needs and preferences, ensuring optimal comfort throughout the night.   Smart Wake-Up System: The mat incorporates a gentle, personalized wake-up system based on your sleep cycle analysis, promoting a smoother and more refreshed morning.  Sleep-Promoting Features: Integrated features include ambient light control, white noise options, and calming aromatherapy scents to create a serene and sleep-conducive environment.  Seamless Integration: The Smart Sleep Mat seamlessly integrates with your existing smart home ecosystem, allowing for voice control and automation of sleep-related tasks.  Durable and Breathable: Made from high-quality, breathable materials for long-lasting comfort and optimal airflow.  Easy to Clean: Removable and washable cover ensures effortless maintenance.","B01000029","['Health & Household', 'Personal Care', 'Skincare', 'Sensitive Skin Care', 'Rosacea Routines']","Health & Household","Personal Care","Skincare","Sensitive Skin Care","Rosacea Routines",""
28," Memory Foam Pillow for  People suffering from neck pain, headaches, or insomnia:  The pillow's ergonomic design and pressure-relieving foam can help alleviate these issues.  Side Sleepers: The contoured shape and adaptive foam provide optimal support for side sleeping positions.  Individuals with allergies or sensitivities: The hypoallergenic and dust mite resistant materials offer a clean and comfortable sleeping environment.  Anyone looking for a high-quality, comfortable, and supportive pillow:  The Sleep Serenity Pillow is designed for a restful and rejuvenating sleep experience. with features:  Adaptive Memory Foam:  Conforms to the unique shape of your head and neck, providing customized support and pressure relief.    Temperature-Regulating Cover:  Made from breathable bamboo fabric, designed to wick away moisture and prevent overheating, ensuring a cool and comfortable sleep experience.  Ergonomic Design:  Features a contoured shape with a gentle curve to align your spine and promote proper neck posture.  Hypoallergenic and Dust Mite Resistant:  Ideal for those with allergies or sensitivities, creating a clean and healthy sleep environment.  Removable and Washable Cover:  Easy to care for and maintain optimal hygiene.  Available in Multiple Sizes:  Choose the perfect fit for your sleeping style and preference.  100% Satisfaction Guarantee:  We are confident you will love your Sleep Serenity Pillow. If not, you can return it for a full refund.","B01000028","['Health & Household', 'Personal Care', 'Skincare', 'Sensitive Skin Care', 'Rosacea Routines']","Health & Household","Personal Care","Skincare","Sensitive Skin Care","Rosacea Routines",""
32,"  Essential Oil Diffuser with Humidifier Function for  Individuals seeking a natural way to improve air quality and create a relaxing atmosphere at home.  People suffering from dry skin, allergies, or respiratory issues.  Those interested in aromatherapy and the benefits of essential oils.  Individuals looking for a calming and stress-relieving tool.  Yoga practitioners, meditation enthusiasts, and anyone seeking a mindful and peaceful environment. with features:  Ultrasonic Technology: Utilizes high-frequency vibrations to create a fine, cool mist that effectively disperses essential oil aromas and humidifies the air.  7 Color-Changing LED Lights: Creates a soothing ambiance with a choice of 7 calming colors, adjustable brightness, or a rotating color cycle.   Automatic Shut-Off:  Safety feature that automatically turns off when the water runs low, preventing damage to the diffuser.  Adjustable Mist Settings:  Choose from three mist settings (low, medium, high) to control the diffusion intensity and humidity levels.  Quiet Operation: Runs quietly, making it ideal for use in bedrooms, living rooms, or yoga studios.   Large Capacity:  Holds up to 100ml of water, providing up to 8 hours of continuous operation.   Timer Function:  Set a timer for 1 hour, 3 hours, or continuous operation.   Compact & Portable:  Stylish and compact design makes it easy to move between rooms.  100% Pure Essential Oils:  The diffuser is compatible with all 100% pure essential oils for customized aromatherapy experiences. ","B01000032","['Health & Household', 'Personal Care', 'Skincare', 'Sensitive Skin Care', 'Rosacea Routines']","Health & Household","Personal Care","Skincare","Sensitive Skin Care","Rosacea Routines",""
34," Essential Oil Diffuser & Humidifier for  Stress Relief Seekers: The calming aroma and visual ambiance of the diffuser can help reduce stress and anxiety.  Sleep Improvers: The humidifier feature can alleviate dry air and nasal congestion, leading to a more restful sleep.  Aromatherapy Enthusiasts: The diffuser provides a safe and efficient way to enjoy the therapeutic benefits of essential oils.  Home Decor Lovers: The sleek design and multi-color LED lights add a touch of elegance to any space.  Individuals with Respiratory Issues: The humidifier feature can provide relief from dry air and soothe respiratory ailments. with features:  Ultrasonic Technology: Creates a cool, fragrant mist for optimal aromatherapy experiences without overheating essential oils.  Dual Functionality: Acts as both a diffuser and humidifier, providing both therapeutic benefits and air moisture.  Multiple Mist Modes: Choose between continuous mist, intermittent mist, and timed mist settings (1 hour, 2 hours, 4 hours) to suit your needs.  Whisper-Quiet Operation:  Enjoy a relaxing atmosphere without distracting noise.  7 LED Color Options: Create a soothing ambiance with a choice of calming colors or simply use as a nightlight.  Automatic Shut-Off: Safety feature ensures the diffuser stops when water runs low.  Large Water Tank: Provides up to 10 hours of continuous mist on a single fill, perfect for a whole night's sleep or a full day of aromatherapy.  Easy to Clean:  Removable and dishwasher-safe components make maintenance simple.  Sleek and Modern Design:  Blends seamlessly with any home decor.","B01000034","['Health & Household', 'Personal Care', 'Skincare', 'Sensitive Skin Care', 'Rosacea Routines']","Health & Household","Personal Care","Skincare","Sensitive Skin Care","Rosacea Routines",""
29," Memory Foam Pillow for  Individuals suffering from neck pain, headaches, and sleep disturbances.  Side sleepers, back sleepers, and stomach sleepers looking for customized support.  People who overheat easily or experience night sweats.  Anyone seeking a comfortable and supportive pillow to improve their sleep quality.  with features:  Adaptive Memory Foam: Our unique blend of memory foam conforms to the contours of your head and neck, providing customized support and pressure relief. This helps to reduce tossing and turning, promoting a deeper, more restful sleep.   Breathable Cover: Made from a soft, breathable bamboo fabric, the pillow cover is hypoallergenic and moisture-wicking. This keeps you cool and comfortable throughout the night, preventing overheating and perspiration.  Adjustable Height: The pillow is designed with an adjustable height system. Simply remove or add the included memory foam inserts to find your perfect sleeping position, whether you prefer a higher or lower pillow.  Ergonomic Design: The pillow's contoured shape promotes proper spinal alignment, reducing neck pain and stiffness. It also helps to alleviate headaches caused by poor sleeping posture.  Durable Construction: The pillow's high-density memory foam is long-lasting and retains its shape even after multiple washes. The cover is machine washable for easy care.","B01000029","['Health & Household', 'Personal Care', 'Skincare', 'Sensitive Skin Care', 'Rosacea Routines']","Health & Household","Personal Care","Skincare","Sensitive Skin Care","Rosacea Routines",""
32," Air Purifier for  Individuals with allergies and sensitivities: The HEPA filter effectively removes common allergens, providing relief from symptoms like sneezing, coughing, and itchy eyes.  Pet owners: Helps eliminate pet dander, hair, and odors, creating a more comfortable environment for both you and your furry friends.  Families with young children: Provides clean and healthy air for children who are more susceptible to respiratory problems.  People living in polluted areas:  Reduces the impact of smog, dust, and other air pollutants.  Anyone looking to improve indoor air quality: For those who prioritize health and wellbeing, the ""Clean & Fresh"" Air Purifier offers a simple and effective solution.  with features:  HEPA Filtration: Removes 99.97% of airborne particles as small as 0.3 microns, including dust, pollen, pet dander, mold spores, and smoke.  Activated Carbon Filter: Absorbs odors and harmful gases like VOCs, formaldehyde, and cigarette smoke, leaving your air smelling fresh.  Ultraviolet (UV) Light Sterilization: Eliminates bacteria and viruses in the air, providing additional protection for your family.  Three Fan Speeds: Customize airflow based on your needs and room size.  Quiet Operation: Runs silently at low speeds, ideal for bedrooms and offices.  Night Light: Provides a soft, calming glow for nighttime use.  Automatic Timer: Set a schedule for automatic on/off cycles, saving energy.  Compact and Stylish Design: Fits seamlessly into any room decor.  Easy Maintenance: Replaceable filters are readily available and easy to change.","B01000032","['Health & Household', 'Personal Care', 'Skincare', 'Sensitive Skin Care', 'Rosacea Routines']","Health & Household","Personal Care","Skincare","Sensitive Skin Care","Rosacea Routines",""
27," Weighted Blanket for  Individuals struggling with anxiety, stress, or insomnia: The gentle pressure of the weighted blanket can provide a calming and soothing effect, helping to reduce anxiety and promote restful sleep.  People with sensory processing issues: The deep pressure stimulation provided by the blanket can be beneficial for individuals with sensory sensitivities, offering a sense of security and grounding.  Anyone seeking improved sleep quality and relaxation:  The weighted blanket can enhance sleep quality, reduce tossing and turning, and promote a sense of overall well-being. with features:  Luxurious Microfiber Fabric: Crafted from premium, soft microfiber, providing a gentle and comforting touch against the skin.  Precisely Distributed Glass Beads: Filled with high-quality glass beads, ensuring even weight distribution for optimal pressure therapy.   Multiple Weight Options: Available in various weights (10 lbs, 15 lbs, 20 lbs) to accommodate different body types and individual preferences.  Removable Cover:  Features a machine-washable, hypoallergenic cover for easy cleaning and personalized comfort.   Double-Stitched Construction: Reinforced stitching ensures durability and prevents bead leakage.  Versatile Use: Perfect for home use, travel, or even relaxation at work.","B01000027","['Health & Household', 'Personal Care', 'Skincare', 'Sensitive Skin Care', 'Rosacea Routines']","Health & Household","Personal Care","Skincare","Sensitive Skin Care","Rosacea Routines",""
29,"  Weighted Blanket for  Individuals struggling with anxiety and insomnia: The deep pressure provided by the weighted blanket can help calm the nervous system and promote relaxation, leading to improved sleep quality.  People with ADHD or sensory processing differences: The weighted pressure can be soothing and grounding, providing a sense of comfort and security.  Anyone seeking a natural way to reduce stress and promote relaxation:  The gentle pressure of the weighted blanket can help alleviate tension and create a feeling of calm and well-being.   Athletes and active individuals:  The weighted blanket can help accelerate muscle recovery and reduce post-workout soreness. with features:  Premium Material: Crafted from a soft, breathable bamboo blend that feels luxurious against the skin.   Precise Weight Distribution:  Filled with high-quality glass beads meticulously distributed for even pressure and a calming embrace.   Adjustable Weight Options: Available in a range of weights (5-25 lbs) to cater to individual needs and preferences.  Removable Cover:  Features a durable, machine-washable cover with multiple color and pattern options.  Durable Construction: Designed with double stitching and reinforced seams for long-lasting use.   Multi-Purpose Use:  Perfect for relaxation, stress reduction, sleep improvement, and sensory input. ","B01000029","['Health & Household', 'Personal Care', 'Skincare', 'Sensitive Skin Care', 'Rosacea Routines']","Health & Household","Personal Care","Skincare","Sensitive Skin Care","Rosacea Routines",""
30,"  Memory Foam Pillow for  Individuals suffering from neck pain, headaches, or insomnia: The pillow's ergonomic design and supportive memory foam help alleviate pressure points and promote proper spinal alignment, reducing discomfort and improving sleep quality.  Side Sleepers: The pillow's contour is particularly well-suited for side sleepers, providing optimal support for the head and neck and preventing shoulder pain.  People seeking a comfortable and cool sleep experience: The breathable cover and temperature-sensitive memory foam ensure a comfortable sleep environment without overheating.  Anyone looking for a high-quality pillow that is durable and easy to maintain: The Sleep Serenity Pillow is designed to provide long-lasting comfort and is easy to clean, making it an excellent investment for a restful sleep.  with features:  Ergonomic Design: Contoured shape with adjustable height for optimal head and neck support, reducing pressure points and promoting proper spinal alignment.  Adaptive Memory Foam:  Cushions the head and neck while conforming to individual body shape for personalized comfort. The foam is temperature-sensitive, adjusting to body heat for a cool and comfortable sleep experience.  Breathable Cover:  Made with soft, breathable fabric that allows air circulation and prevents overheating during sleep.  Hypoallergenic and Dust Mite Resistant:  Ensures a clean and healthy sleeping environment, ideal for allergy sufferers.  Machine Washable Cover:  Easy to maintain and keep fresh.  Multiple Sizes:  Available in standard, queen, and king sizes to fit any bed.","B01000030","['Health & Household', 'Personal Care', 'Skincare', 'Sensitive Skin Care', 'Rosacea Routines']","Health & Household","Personal Care","Skincare","Sensitive Skin Care","Rosacea Routines",""
